{"routes":[[135,21,133],[33,108,121,59,180,69,169,178,92,142,182,15,110,106,81,58,22,20,197,139,45],[73,44,91,112,53,34,97,184,11,40,41,119,117,158,75,66,100,39,191,84,153,10,198,120,4,76,37,144,168,143,150,94,61,111,136,116,46,105,88,103,8,29,125,109,51,102,96,67,166,187,36,118,86,23,124,165,98,129,28,179,104,93,16,42,63,186,9,47,141,13,31,192,151,147,131,72,38,35,174,159,172,49,43,85,162,148,149,146,163,137,177,48,3,1,176,71,77,12,114,152,173,189,154,2,99,130,155,64,132,157,199,57,32,7,126,87,26,107,185,190,127,56,161,17,195,134,90,50,181,74,156,95,78,170,30,79,123,160,24,193,14,128,196,83,167,52,101,68,138,140,70,62,113,54,188,65,5,145,194,55,115,175,183,164,18,82,60,27,122,19,6,25,171,89,80]],"lengths":[3433.1260023117065,3385.396224975586,2551.6282303333282]}